<?xml version="1.0" encoding="UTF-8"?><?xml-stylesheet type='text/xsl' href='_UpgradeReport_Files/UpgradeReport.xslt'?><UpgradeLog>
<Properties><Property Name="Solution" Value="CSharpSerialConnection">
</Property><Property Name="Solution File" Value="C:\Users\Lambooij\Desktop\Zandbak\CSharpSerialConnection\CSharpSerialConnection\CSharpSerialConnection.sln">
</Property><Property Name="User Options File" Value="C:\Users\Lambooij\Desktop\Zandbak\CSharpSerialConnection\CSharpSerialConnection\CSharpSerialConnection.suo">
</Property><Property Name="Date" Value="Tuesday, June 07, 2011">
</Property><Property Name="Time" Value="9:28 AM">
</Property></Properties><Event ErrorLevel="0" Project="" Source="CSharpSerialConnection.sln" Description="File successfully backed up as C:\Users\Lambooij\Desktop\Zandbak\CSharpSerialConnection\CSharpSerialConnection\Backup\CSharpSerialConnection.sln">
</Event><Event ErrorLevel="0" Project="" Source="CSharpSerialConnection.suo" Description="File successfully backed up as C:\Users\Lambooij\Desktop\Zandbak\CSharpSerialConnection\CSharpSerialConnection\Backup\CSharpSerialConnection.suo">
</Event><Event ErrorLevel="0" Project="CSharpSerialConnection" Source="CSharpSerialConnection\CSharpSerialConnection.csproj" Description="Project file successfully backed up as C:\Users\Lambooij\Desktop\Zandbak\CSharpSerialConnection\CSharpSerialConnection\Backup\CSharpSerialConnection\CSharpSerialConnection.csproj">
</Event><Event ErrorLevel="0" Project="CSharpSerialConnection" Source="CSharpSerialConnection\Form1.cs" Description="File successfully backed up as C:\Users\Lambooij\Desktop\Zandbak\CSharpSerialConnection\CSharpSerialConnection\Backup\CSharpSerialConnection\Form1.cs">
</Event><Event ErrorLevel="0" Project="CSharpSerialConnection" Source="CSharpSerialConnection\Form1.Designer.cs" Description="File successfully backed up as C:\Users\Lambooij\Desktop\Zandbak\CSharpSerialConnection\CSharpSerialConnection\Backup\CSharpSerialConnection\Form1.Designer.cs">
</Event><Event ErrorLevel="0" Project="CSharpSerialConnection" Source="CSharpSerialConnection\Program.cs" Description="File successfully backed up as C:\Users\Lambooij\Desktop\Zandbak\CSharpSerialConnection\CSharpSerialConnection\Backup\CSharpSerialConnection\Program.cs">
</Event><Event ErrorLevel="0" Project="CSharpSerialConnection" Source="CSharpSerialConnection\Properties\AssemblyInfo.cs" Description="File successfully backed up as C:\Users\Lambooij\Desktop\Zandbak\CSharpSerialConnection\CSharpSerialConnection\Backup\CSharpSerialConnection\Properties\AssemblyInfo.cs">
</Event><Event ErrorLevel="0" Project="CSharpSerialConnection" Source="CSharpSerialConnection\Properties\Resources.Designer.cs" Description="File successfully backed up as C:\Users\Lambooij\Desktop\Zandbak\CSharpSerialConnection\CSharpSerialConnection\Backup\CSharpSerialConnection\Properties\Resources.Designer.cs">
</Event><Event ErrorLevel="0" Project="CSharpSerialConnection" Source="CSharpSerialConnection\Properties\Settings.Designer.cs" Description="File successfully backed up as C:\Users\Lambooij\Desktop\Zandbak\CSharpSerialConnection\CSharpSerialConnection\Backup\CSharpSerialConnection\Properties\Settings.Designer.cs">
</Event><Event ErrorLevel="0" Project="CSharpSerialConnection" Source="CSharpSerialConnection\Properties\Settings.settings" Description="File successfully backed up as C:\Users\Lambooij\Desktop\Zandbak\CSharpSerialConnection\CSharpSerialConnection\Backup\CSharpSerialConnection\Properties\Settings.settings">
</Event><Event ErrorLevel="0" Project="CSharpSerialConnection" Source="CSharpSerialConnection\Form1.resx" Description="File successfully backed up as C:\Users\Lambooij\Desktop\Zandbak\CSharpSerialConnection\CSharpSerialConnection\Backup\CSharpSerialConnection\Form1.resx">
</Event><Event ErrorLevel="0" Project="CSharpSerialConnection" Source="CSharpSerialConnection\Properties\Resources.resx" Description="File successfully backed up as C:\Users\Lambooij\Desktop\Zandbak\CSharpSerialConnection\CSharpSerialConnection\Backup\CSharpSerialConnection\Properties\Resources.resx">
</Event><Event ErrorLevel="1" Project="CSharpSerialConnection" Source="CSharpSerialConnection\CSharpSerialConnection.csproj" Description="Your project is targeting .NET Framework 2.0 or 3.0. If your project uses assemblies requiring a newer .NET Framework, your project will fail to build. You can change the .NET Framework version by clicking Properties on the project menu and then selecting a new version in the '.NET Framework' dropdown box. (In Visual Basic, this is located on the Compile tab by clicking the 'Advanced Compiler Options...' button.)">
</Event><Event ErrorLevel="0" Project="CSharpSerialConnection" Source="CSharpSerialConnection\CSharpSerialConnection.csproj" Description="Project converted successfully">
</Event><Event ErrorLevel="3" Project="CSharpSerialConnection" Source="CSharpSerialConnection\CSharpSerialConnection.csproj" Description="Converted">
</Event><Event ErrorLevel="0" Project="" Source="CSharpSerialConnection.sln" Description="Solution converted successfully">
</Event><Event ErrorLevel="3" Project="" Source="CSharpSerialConnection.sln" Description="Converted">
</Event><Event ErrorLevel="0" Project="CSharpSerialConnection" Source="CSharpSerialConnection\CSharpSerialConnection.csproj" Description="Scan complete: Upgrade not required for project files.">
</Event></UpgradeLog>